"NAME","Number","SPC22CD","DNV","Cons","Greens","Lab","LDem","Other","SNP"
"Aberdeen Central",1,"S16000074",40094,7623,2087,6294,1417,0,14217
"Aberdeen Deeside and North Kincardine",2,"S16000076",25118,14829,0,4505,2889,286,16500
"Aberdeen Donside",3,"S16000075",29826,9488,0,5505,2162,240,18514
"Aberdeenshire East",4,"S16000077",24477,15549,0,2746,3291,0,17480
"Aberdeenshire West",5,"S16000078",19812,19709,0,2382,3363,0,16319
"Airdrie",6,"S16000079",25494,4422,0,10671,562,132,16139
"Almond Valley",7,"S16000080",28832,6796,0,10342,1582,0,22273
"Angus North and Mearns",8,"S16000081",22859,13635,0,2686,1804,0,17144
"Angus South",9,"S16000082",22040,13451,0,3625,1964,0,19568
"Argyll and Bute",10,"S16000083",19297,7645,0,2436,6874,0,16608
"Ayr",11,"S16000084",21504,18711,0,4766,808,267,18881
"Banffshire and Buchan Coast",12,"S16000077; S16000085",31784,15017,0,2323,1176,678,15747
"Bathgate",13,"S16000080; S16000128",26855,8063,0,10831,1695,0,19892
"Caithness, Sutherland and Ross",14,"S16000086",22053,5170,0,2016,13298,511,15889
"Carrick, Cumnock and Doon Valley",15,"S16000087",25752,10903,0,8604,875,0,15240
"Clackmannanshire and Dunblane",16,"S16000088; S16000144",23764,10068,0,8670,1291,0,18055
"Clydebank and Milngavie",17,"S16000089",20107,4153,0,12513,2987,220,17787
"Clydesdale",18,"S16000090",23044,13018,0,8960,1144,0,17596
"Coatbridge and Chryston",19,"S16000149",23536,3028,0,11140,622,411,20577
"Cowdenbeath",20,"S16000092",25091,4758,1344,10486,1088,0,16499
"Cumbernauld and Kilsyth",21,"S16000093",20236,3375,0,9792,678,0,19633
"Cunninghame North",22,"S16000094",21471,10451,0,7536,967,0,18227
"Cunninghame South",23,"S16000095; S16000126",26664,7769,0,8816,866,340,17536
"Dumbarton",24,"S16000096",20450,3205,0,17825,676,411,16342
"Dumfriesshire",25,"S16000097",22996,19487,0,4671,1314,0,15421
"Dundee City East",26,"S16000098",27202,5630,0,5893,1431,287,19230
"Dundee City West",27,"S16000099",33452,3327,0,6899,1269,842,19818
"Dunfermline",28,"S16000100",24172,6314,0,11384,3196,0,20048
"East Kilbride",29,"S16000101",22991,5923,0,12477,1217,0,21149
"East Lothian Coast and Lammermuirs",30,"S16000102",19621,8321,0,13981,1462,0,15442
"Eastwood",31,"S16000103",14345,17911,0,6759,911,1427,15695
"Edinburgh Central",32,"S16000104; S16000105; S16000108",43290,8514,2828,12105,1806,508,16640
"Edinburgh Eastern, Musselburgh and Tranent",33,"S16000102; S16000105; S16000108; S16000130",26548,5389,0,11568,1116,2,16235
"Edinburgh North Eastern and Leith",34,"S16000105; S16000106",29369,4315,3601,10593,1656,137,20643
"Edinburgh North Western",35,"S16000104; S16000107; S16000109",17129,4255,356,3172,21208,203,14299
"Edinburgh Northern",36,"S16000104; S16000106; S16000109",27428,6290,3247,6418,6691,374,16285
"Edinburgh South Western",37,"S16000107; S16000108",25199,10743,0,8825,2080,472,16556
"Edinburgh Southern",38,"S16000104; S16000105; S16000107; S16000108",22860,6635,5,14563,2536,177,18266
"Ettrick, Roxburgh and Berwickshire",39,"S16000111",22490,18564,1084,2050,2352,290,11701
"Falkirk East and Linlithgow",40,"S16000112; S16000113; S16000128",27203,8713,0,11494,1446,836,19981
"Falkirk West",41,"S16000112; S16000113",28855,7813,0,10951,1126,135,23131
"Fife North East",42,"S16000134",22774,2323,0,1056,22163,0,14715
"Galloway and West Dumfries",43,"S16000114",22898,17486,970,2932,948,0,14851
"Glasgow Anniesland",44,"S16000115; S16000117",30928,3840,625,11251,1137,0,18783
"Glasgow Baillieston and Shettleston",45,"S16000150; S16000121",31497,4422,669,9217,677,0,17187
"Glasgow Cathcart and Pollok",46,"S16000116; S16000119",30580,3313,706,12830,913,265,21621
"Glasgow Central",47,"S16000117; S16000119; S16000121; S16000122",46294,2338,3269,12054,755,223,18660
"Glasgow Easterhouse and Springburn",48,"S16000117; S16000118; S16000150",35404,2473,1738,8767,537,0,18181
"Glasgow Kelvin and Maryhill",49,"S16000115; S16000117; S16000118",44067,3300,5381,9942,967,0,16202
"Glasgow Southside",50,"S16000116; S16000119; S16000122",31311,3082,75,11063,827,394,24059
"Hamilton, Larkhall and Stonehouse",51,"S16000124",26456,6332,0,12179,1012,0,16761
"Inverclyde",52,"S16000123; S16000139",26972,4137,0,12366,1125,805,20949
"Inverness and Nairn",53,"S16000125",27362,11512,2445,5024,2629,325,20510
"Kilmarnock and Irvine Valley",54,"S16000126",24367,7147,0,8177,768,231,19090
"Kirkcaldy",55,"S16000127",30599,4891,0,10586,1015,269,18417
"Mid Fife and Glenrothes",56,"S16000129",24377,4500,0,7881,1789,385,18115
"Midlothian North",57,"S16000130; S16000131",22754,5235,117,9853,1444,5,16151
"Midlothian South, Tweeddale and Lauderdale",58,"S16000131",22777,12234,2037,4906,2407,62,18459
"Moray",59,"S16000132",24468,16823,0,2972,1165,188,19987
"Motherwell and Wishaw",60,"S16000133",28226,4472,0,10343,557,621,18156
"Na h-Eileanan an Iar",61,"S16000110",7587,2116,0,4013,353,571,7454
"Orkney Islands",62,"S16000135",6835,699,0,290,7238,0,3369
"Paisley",63,"S16000136; S16000139",29572,3694,1548,11779,1198,34,18540
"Perthshire North",64,"S16000137; S16000138",22167,16531,0,2424,1934,334,20982
"Perthshire South and Kinross-shire",65,"S16000138",20822,17454,0,2843,2691,0,19004
"Renfrewshire North and Cardonald",66,"S16000119; S16000139",26860,7108,630,11230,878,456,19794
"Renfrewshire West and Levern Valley",67,"S16000136; S16000139; S16000140",24693,6397,36,12098,964,824,19937
"Rutherglen and Cambuslang",68,"S16000141",26848,3663,0,15083,1112,0,20249
"Shetland Islands",69,"S16000142",6846,503,0,424,5803,206,4997
"Skye, Lochaber and Badenoch",70,"S16000125; S16000143",22833,9498,191,4201,7041,36,25475
"Stirling",71,"S16000144",21389,11872,0,6178,1369,0,18331
"Strathkelvin and Bearsden",72,"S16000148",20837,9580,0,8510,6675,415,21064
"Uddingston and Bellshill",73,"S16000146",26150,4569,0,12647,821,0,17953
